{
  "project_info": {
    "project_number": "682379851058",
    "firebase_url": "https://contas-5e1de.firebaseio.com",
    "project_id": "contas-5e1de",
    "storage_bucket": "contas-5e1de.appspot.com"
  },
  "client": [
    {
      "client_info": {
        "mobilesdk_app_id": "1:682379851058:android:eb0b144149027255",
        "android_client_info": {
          "package_name": "com.example.unifykhatib.projetomobile"
        }
      },
      "oauth_client": [
        {
          "client_id": "682379851058-iqoq5pmem6tqsditum6gnu2su8vmnlt2.apps.googleusercontent.com",
          "client_type": 1,
          "android_info": {
            "package_name": "com.example.unifykhatib.projetomobile",
            "certificate_hash": "a013033c5fc08135fd8c1dd54fa4ecdc732997a9"
          }
        },
        {
          "client_id": "682379851058-94po3j76s9587b3ftdgkpuv3510bbdse.apps.googleusercontent.com",
          "client_type": 3
        }
      ],
      "api_key": [
        {
          "current_key": "AIzaSyCs_4HI9gWcJvZwIZ_vv9wE7bnuyvpoIAE"
        }
      ],
      "services": {
        "appinvite_service": {
          "other_platform_oauth_client": [
            {
              "client_id": "682379851058-94po3j76s9587b3ftdgkpuv3510bbdse.apps.googleusercontent.com",
              "client_type": 3
            }
          ]
        }
      }
    }
  ],
  "configuration_version": "1"
}